Clinic_Postcode,Site Name
200,Bowral
221,Bowral
1001,Bondi Junction
1002,Bondi Junction
1003,Bondi Junction
1004,Bondi Junction
1005,Bondi Junction
1006,Bondi Junction
1007,Bondi Junction
1008,Bondi Junction
1009,Bondi Junction
1010,Bondi Junction
1011,Bondi Junction
1020,Bondi Junction
1021,Bondi Junction
1022,Bondi Junction
1023,Bondi Junction
1025,Bondi Junction
1026,Bondi Junction
1027,Bondi Junction
1028,Bondi Junction
1029,Bondi Junction
1030,Bondi Junction
1031,Bondi Junction
1032,Bondi Junction
1033,Bondi Junction
1034,Bondi Junction
1035,Bondi Junction
1036,Bondi Junction
1037,Bondi Junction
1038,Bondi Junction
1039,Bondi Junction
1040,Bondi Junction
1041,Bondi Junction
1042,Bondi Junction
1043,Bondi Junction
1044,Bondi Junction
1045,Bondi Junction
1046,Bondi Junction
1100,Bondi Junction
1101,Bondi Junction
1105,Bondi Junction
1106,Bondi Junction
1107,Bondi Junction
1108,Bondi Junction
1109,Bondi Junction
1110,Bondi Junction
1112,Bondi Junction
1113,Bondi Junction
1114,Bondi Junction
1115,Bondi Junction
1116,Bondi Junction
1117,Bondi Junction
1118,Bondi Junction
1119,Bondi Junction
1120,Bondi Junction
1121,Bondi Junction
1122,Bondi Junction
1123,Bondi Junction
1124,Bondi Junction
1125,Bondi Junction
1126,Bondi Junction
1127,Bondi Junction
1128,Bondi Junction
1129,Bondi Junction
1130,Bondi Junction
1131,Bondi Junction
1132,Bondi Junction
1133,Bondi Junction
1134,Bondi Junction
1135,Bondi Junction
1136,Bondi Junction
1137,Bondi Junction
1138,Bondi Junction
1139,Bondi Junction
1140,Bondi Junction
1141,Bondi Junction
1142,Bondi Junction
1143,Bondi Junction
1144,Bondi Junction
1145,Bondi Junction
1146,Bondi Junction
1147,Bondi Junction
1148,Bondi Junction
1149,Bondi Junction
1150,Bondi Junction
1151,Bondi Junction
1152,Bondi Junction
1153,Bondi Junction
1154,Bondi Junction
1155,Bondi Junction
1156,Bondi Junction
1157,Bondi Junction
1158,Bondi Junction
1159,Bondi Junction
1160,Bondi Junction
1161,Bondi Junction
1162,Bondi Junction
1163,Bondi Junction
1164,Bondi Junction
1165,Bondi Junction
1166,Bondi Junction
1167,Bondi Junction
1168,Bondi Junction
1169,Bondi Junction
1170,Bondi Junction
1171,Bondi Junction
1172,Bondi Junction
1173,Bondi Junction
1174,Bondi Junction
1175,Bondi Junction
1176,Bondi Junction
1177,Bondi Junction
1178,Bondi Junction
1179,Bondi Junction
1180,Bondi Junction
1181,Bondi Junction
1182,Bondi Junction
1183,Bondi Junction
1184,Bondi Junction
1185,Bondi Junction
1186,Bondi Junction
1187,Bondi Junction
1188,Bondi Junction
1189,Bondi Junction
1190,Bondi Junction
1191,Bondi Junction
1192,Bondi Junction
1193,Bondi Junction
1194,Bondi Junction
1195,Bondi Junction
1196,Bondi Junction
1197,Bondi Junction
1198,Bondi Junction
1199,Bondi Junction
1200,Bondi Junction
1201,Bondi Junction
1202,Bondi Junction
1203,Bondi Junction
1204,Bondi Junction
1205,Bondi Junction
1206,Bondi Junction
1207,Bondi Junction
1208,Bondi Junction
1209,Bondi Junction
1210,Bondi Junction
1211,Bondi Junction
1212,Bondi Junction
1213,Bondi Junction
1214,Bondi Junction
1215,Bondi Junction
1216,Bondi Junction
1217,Bondi Junction
1218,Bondi Junction
1219,Bondi Junction
1220,Bondi Junction
1221,Bondi Junction
1222,Bondi Junction
1223,Bondi Junction
1224,Bondi Junction
1225,Bondi Junction
1226,Bondi Junction
1227,Bondi Junction
1228,Bondi Junction
1229,Bondi Junction
1230,Bondi Junction
1231,Bondi Junction
1232,Bondi Junction
1233,Bondi Junction
1234,Bondi Junction
1235,Bondi Junction
1236,Bondi Junction
1237,Bondi Junction
1238,Bondi Junction
1239,Bondi Junction
1240,Bondi Junction
1291,Bondi Junction
1292,Bondi Junction
1293,Bondi Junction
1294,Bondi Junction
1295,Bondi Junction
1296,Bondi Junction
1297,Bondi Junction
1298,Bondi Junction
1299,Bondi Junction
1300,Bondi Junction
1311,Bondi Junction
1312,Bondi Junction
1313,Bondi Junction
1314,Bondi Junction
1315,Bondi Junction
1316,Bondi Junction
1317,Bondi Junction
1318,Bondi Junction
1319,Bondi Junction
1320,Bondi Junction
1321,Bondi Junction
1322,Bondi Junction
1323,Bondi Junction
1324,Bondi Junction
1325,Bondi Junction
1326,Bondi Junction
1327,Bondi Junction
1328,Bondi Junction
1329,Bondi Junction
1330,Bondi Junction
1331,Bondi Junction
1332,Bondi Junction
1333,Bondi Junction
1334,Bondi Junction
1335,Bondi Junction
1340,Bondi Junction
1350,Bondi Junction
1355,Bondi Junction
1360,Bondi Junction
1391,Bondi Junction
1401,Bondi Junction
1416,Bondi Junction
1419,Bondi Junction
1420,Bondi Junction
1421,Bondi Junction
1422,Bondi Junction
1423,Bondi Junction
1424,Bondi Junction
1425,Bondi Junction
1426,Bondi Junction
1427,Bondi Junction
1428,Bondi Junction
1429,Bondi Junction
1430,Bondi Junction
1435,Bondi Junction
1440,Bondi Junction
1445,Bondi Junction
1450,Bondi Junction
1455,Bondi Junction
1460,Bondi Junction
1465,Bondi Junction
1466,Bondi Junction
1470,Burwood
1475,Burwood
1480,Hurstville
1481,Hurstville
1484,Hurstville
1485,Hurstville
1487,Hurstville
1490,Hurstville
1493,Hurstville
1495,Hurstville
1499,Hurstville
1515,Belrose
1560,Belrose
1565,Bondi Junction
1570,Belrose
1582,Bondi Junction
1585,Bondi Junction
1590,Burwood
1595,Belrose
1597,Belrose
1602,Belrose
1630,Belrose
1635,Belrose
1639,Belrose
1640,Belrose
1655,Belrose
1658,Belrose
1660,Belrose
1670,Belrose
1671,Belrose
1675,Burwood
1680,Burwood
1685,Parramatta
1690,Belrose
1691,Belrose
1692,Belrose
1693,Belrose
1694,Belrose
1695,Belrose
1696,Belrose
1697,Belrose
1698,Belrose
1699,Belrose
1700,Parramatta
1701,Parramatta
1710,Parramatta
1712,Parramatta
1715,Belrose
1730,Blacktown
1740,Parramatta
1741,Parramatta
1750,Parramatta
1755,Parramatta
1765,Blacktown
1771,Parramatta
1781,Blacktown
1790,Blacktown
1797,Blacktown
1800,Burwood
1805,Burwood
1811,Parramatta
1816,Burwood
1819,Burwood
1825,Burwood
1826,Burwood
1830,Parramatta
1831,Parramatta
1835,Parramatta
1848,Parramatta
1851,Blacktown
1860,Parramatta
1871,Parramatta
1875,Parramatta
1885,Hurstville
1888,Burwood
1890,Burwood
1891,Hurstville
1900,Parramatta
1902,Parramatta
2000,Bondi Junction
2001,Bondi Junction
2002,Bondi Junction
2004,Bondi Junction
2006,Bondi Junction
2007,Bondi Junction
2008,Bondi Junction
2009,Bondi Junction
2010,Bondi Junction
2011,Bondi Junction
2012,Bondi Junction
2013,Bondi Junction
2015,Bondi Junction
2016,Bondi Junction
2017,Bondi Junction
2018,Bondi Junction
2019,Bondi Junction
2020,Bondi Junction
2021,Bondi Junction
2022,Bondi Junction
2023,Bondi Junction
2024,Bondi Junction
2025,Bondi Junction
2026,Bondi Junction
2027,Bondi Junction
2028,Bondi Junction
2029,Bondi Junction
2030,Bondi Junction
2031,Bondi Junction
2032,Bondi Junction
2033,Bondi Junction
2034,Bondi Junction
2035,Bondi Junction
2036,Bondi Junction
2037,Bondi Junction
2038,Burwood
2039,Burwood
2040,Burwood
2041,Burwood
2042,Bondi Junction
2043,Bondi Junction
2044,Bondi Junction
2045,Burwood
2046,Burwood
2047,Burwood
2048,Burwood
2049,Burwood
2050,Bondi Junction
2052,Bondi Junction
2055,Bondi Junction
2057,Belrose
2058,Belrose
2059,Bondi Junction
2060,Bondi Junction
2061,Bondi Junction
2062,Bondi Junction
2063,Belrose
2064,Belrose
2065,Bondi Junction
2066,Burwood
2067,Belrose
2068,Belrose
2069,Belrose
2070,Belrose
2071,Belrose
2072,Belrose
2073,Belrose
2074,Belrose
2075,Belrose
2076,Belrose
2077,Belrose
2079,Belrose
2080,Belrose
2081,Woy Woy
2082,Woy Woy
2083,Woy Woy
2084,Belrose
2085,Belrose
2086,Belrose
2087,Belrose
2088,Bondi Junction
2089,Bondi Junction
2090,Bondi Junction
2091,Bondi Junction
2092,Belrose
2093,Belrose
2094,Belrose
2095,Belrose
2096,Belrose
2097,Belrose
2099,Belrose
2100,Belrose
2101,Belrose
2102,Belrose
2103,Belrose
2104,Belrose
2105,Belrose
2106,Belrose
2107,Belrose
2108,Belrose
2109,Belrose
2110,Burwood
2111,Burwood
2112,Burwood
2113,Belrose
2114,Parramatta
2115,Parramatta
2116,Parramatta
2117,Parramatta
2118,Parramatta
2119,Parramatta
2120,Belrose
2121,Parramatta
2122,Parramatta
2123,Parramatta
2124,Parramatta
2125,Parramatta
2126,Parramatta
2127,Burwood
2128,Parramatta
2129,Parramatta
2130,Burwood
2131,Burwood
2132,Burwood
2133,Burwood
2134,Burwood
2135,Burwood
2136,Burwood
2137,Burwood
2138,Burwood
2139,Burwood
2140,Burwood
2141,Burwood
2142,Parramatta
2143,Burwood
2144,Parramatta
2145,Parramatta
2146,Parramatta
2147,Blacktown
2148,Blacktown
2150,Parramatta
2151,Parramatta
2152,Parramatta
2153,Blacktown
2154,Blacktown
2155,Blacktown
2156,Blacktown
2157,Woy Woy
2158,Belrose
2159,Belrose
2160,Parramatta
2161,Parramatta
2162,Parramatta
2163,Parramatta
2164,Blacktown
2165,Parramatta
2166,Parramatta
2167,Burwood
2168,Blacktown
2170,Parramatta
2171,Blacktown
2172,Hurstville
2173,Hurstville
2174,Blacktown
2175,Blacktown
2176,Blacktown
2177,Blacktown
2178,Blacktown
2179,Blacktown
2190,Burwood
2191,Burwood
2192,Burwood
2193,Burwood
2194,Burwood
2195,Hurstville
2196,Hurstville
2197,Parramatta
2198,Parramatta
2199,Burwood
2200,Hurstville
2203,Burwood
2204,Burwood
2205,Hurstville
2206,Hurstville
2207,Hurstville
2208,Hurstville
2209,Hurstville
2210,Hurstville
2211,Hurstville
2212,Hurstville
2213,Hurstville
2214,Hurstville
2216,Hurstville
2217,Hurstville
2218,Hurstville
2219,Hurstville
2220,Hurstville
2221,Hurstville
2222,Hurstville
2223,Hurstville
2224,Hurstville
2225,Hurstville
2226,Hurstville
2227,Hurstville
2228,Hurstville
2229,Hurstville
2230,Hurstville
2231,Hurstville
2232,Hurstville
2233,Hurstville
2234,Hurstville
2250,Gosford
2251,Woy Woy
2252,Woy Woy
2256,Woy Woy
2257,Woy Woy
2258,Gosford
2259,The Entrance
2260,The Entrance
2261,The Entrance
2262,The Entrance
2263,The Entrance
2264,The Entrance
2265,Gosford
2267,Newcastle
2278,Newcastle
2280,Newcastle
2281,Newcastle
2282,Newcastle
2283,Newcastle
2284,Newcastle
2285,Newcastle
2286,Newcastle
2287,Newcastle
2289,Newcastle
2290,Newcastle
2291,Newcastle
2292,Newcastle
2293,Newcastle
2294,Newcastle
2295,Newcastle
2296,Newcastle
2297,Newcastle
2298,Newcastle
2299,Newcastle
2300,Newcastle
2302,Newcastle
2303,Newcastle
2304,Newcastle
2305,Newcastle
2306,Newcastle
2307,Newcastle
2308,The Entrance
2309,The Entrance
2310,Newcastle
2311,Newcastle
2312,Newcastle
2314,The Entrance
2315,Newcastle
2316,Newcastle
2317,Newcastle
2318,Newcastle
2319,Newcastle
2320,Newcastle
2321,Newcastle
2322,Newcastle
2323,Newcastle
2324,Newcastle
2325,Gosford
2326,Newcastle
2327,Newcastle
2328,Newcastle
2329,Dubbo
2330,Gosford
2331,Newcastle
2333,Newcastle
2334,Newcastle
2335,Newcastle
2336,Newcastle
2337,Newcastle
2338,Newcastle
2339,Newcastle
2340,Newcastle
2341,Newcastle
2342,Dubbo
2343,Dubbo
2344,Newcastle
2345,Coffs Harbour
2346,Coffs Harbour
2347,Coffs Harbour
2348,Coffs Harbour
2350,Coffs Harbour
2351,Coffs Harbour
2352,Coffs Harbour
2353,Coffs Harbour
2354,Coffs Harbour
2355,Coffs Harbour
2356,Dubbo
2357,Dubbo
2358,Coffs Harbour
2359,Coffs Harbour
2360,Coffs Harbour
2361,Toowoomba
2365,Coffs Harbour
2369,Coffs Harbour
2370,Coffs Harbour
2371,Coffs Harbour
2372,Coffs Harbour
2379,Dubbo
2380,Dubbo
2381,Dubbo
2382,Dubbo
2388,Dubbo
2395,Dubbo
2396,Dubbo
2402,Grafton
2403,Coffs Harbour
2404,Grafton
2408,Toowoomba
2409,Toowoomba
2410,Toowoomba
2411,Toowoomba
2415,Newcastle
2420,Newcastle
2421,Newcastle
2422,Newcastle
2423,Newcastle
2424,Newcastle
2425,Newcastle
2426,Newcastle
2427,Newcastle
2428,Newcastle
2429,Newcastle
2430,Newcastle
2431,Coffs Harbour
2439,Coffs Harbour
2440,Coffs Harbour
2441,Coffs Harbour
2442,Coffs Harbour
2443,Newcastle
2444,Coffs Harbour
2445,Coffs Harbour
2446,Coffs Harbour
2447,Coffs Harbour
2448,Coffs Harbour
2449,Coffs Harbour
2450,Coffs Harbour
2452,Coffs Harbour
2453,Coffs Harbour
2454,Coffs Harbour
2455,Coffs Harbour
2456,Coffs Harbour
2460,Coffs Harbour
2462,Coffs Harbour
2463,Coffs Harbour
2464,Coffs Harbour
2465,Coffs Harbour
2466,Coffs Harbour
2469,Banora Point
2470,Banora Point
2471,Banora Point
2472,Banora Point
2473,Banora Point
2474,Banora Point
2475,Ipswich
2476,Ipswich
2477,Banora Point
2478,Banora Point
2479,Banora Point
2480,Banora Point
2481,Banora Point
2482,Banora Point
2483,Banora Point
2484,Banora Point
2485,Banora Point
2486,Banora Point
2487,Banora Point
2488,Banora Point
2489,Banora Point
2490,Banora Point
2500,Wollongong
2502,Wollongong
2505,Wollongong
2506,Wollongong
2508,Wollongong
2515,Wollongong
2516,Wollongong
2517,Wollongong
2518,Wollongong
2519,Wollongong
2520,Wollongong
2522,Wollongong
2525,Wollongong
2526,Wollongong
2527,Wollongong
2528,Wollongong
2529,Wollongong
2530,Wollongong
2533,Wollongong
2534,Wollongong
2535,Bowral
2536,Bowral
2537,Bowral
2538,Bowral
2539,Bowral
2540,Bowral
2541,Bowral
2545,Bowral
2546,Bowral
2550,Albury
2555,Blacktown
2556,Blacktown
2557,Blacktown
2558,Burwood
2559,Burwood
2560,Wollongong
2563,Hurstville
2564,Burwood
2565,Burwood
2566,Burwood
2567,Blacktown
2568,Wollongong
2569,Wollongong
2570,Blacktown
2571,Bowral
2572,Bowral
2573,Bowral
2574,Bowral
2575,Bowral
2576,Bowral
2577,Bowral
2578,Bowral
2579,Bowral
2580,Bowral
2581,Bowral
2582,Bowral
2583,Bowral
2584,Bowral
2585,Bowral
2586,Bowral
2587,Albury
2588,Albury
2590,Albury
2594,Albury
2600,Bowral
2601,Bowral
2602,Bowral
2603,Bowral
2604,Bowral
2605,Bowral
2606,Bowral
2607,Bowral
2608,Bowral
2609,Bowral
2610,Bowral
2611,Albury
2612,Bowral
2614,Bowral
2615,Bowral
2616,Bowral
2617,Bowral
2618,Bowral
2619,Bowral
2620,Bowral
2621,Bowral
2622,Bowral
2623,Bowral
2624,Albury
2625,Albury
2626,Albury
2627,Albury
2628,Albury
2629,Albury
2630,Albury
2631,Albury
2632,Albury
2633,Albury
2640,Albury
2641,Albury
2642,Albury
2643,Albury
2644,Albury
2645,Albury
2646,Albury
2647,Albury
2649,Albury
2650,Albury
2651,Albury
2652,Albury
2653,Albury
2655,Albury
2656,Albury
2658,Albury
2659,Albury
2660,Albury
2661,Albury
2663,Albury
2665,Albury
2666,Albury
2668,Albury
2669,Parkes
2671,Dubbo
2672,Parkes
2678,Albury
2680,Albury
2681,Albury
2700,Albury
2701,Albury
2702,Albury
2703,Albury
2705,Albury
2706,Albury
2707,Albury
2708,Albury
2710,Albury
2711,Cobram
2712,Albury
2713,Albury
2714,Albury
2716,Albury
2720,Albury
2721,Dubbo
2722,Albury
2725,Albury
2726,Albury
2727,Albury
2729,Albury
2730,Albury
2731,Shepparton
2732,Cobram
2733,Cobram
2734,Cobram
2735,Cobram
2736,Cobram
2745,Blacktown
2747,Blacktown
2748,Blacktown
2749,Blacktown
2750,Blacktown
2751,Blacktown
2752,Blacktown
2753,Blacktown
2754,Blacktown
2755,Blacktown
2756,Gosford
2757,Blacktown
2758,Blacktown
2759,Blacktown
2760,Blacktown
2761,Blacktown
2762,Blacktown
2763,Blacktown
2765,Blacktown
2766,Blacktown
2767,Blacktown
2768,Blacktown
2769,Blacktown
2770,Blacktown
2773,Blacktown
2774,Blacktown
2775,Gosford
2776,Blacktown
2777,Blacktown
2778,Blacktown
2779,Blacktown
2780,Blacktown
2782,Blacktown
2783,Blacktown
2784,Blacktown
2785,Blacktown
2786,Blacktown
2787,Bowral
2790,Blacktown
2791,Dubbo
2792,Dubbo
2793,Bowral
2794,Bowral
2795,Bowral
2797,Bowral
2798,Dubbo
2799,Bowral
2800,Dubbo
2803,Bowral
2804,Dubbo
2805,Dubbo
2806,Dubbo
2807,Bowral
2808,Bowral
2809,Bowral
2810,Dubbo
2818,Dubbo
2820,Dubbo
2821,Dubbo
2823,Dubbo
2824,Dubbo
2825,Dubbo
2826,Dubbo
2827,Dubbo
2828,Dubbo
2829,Dubbo
2830,Dubbo
2831,Dubbo
2842,Dubbo
2843,Dubbo
2844,Dubbo
2845,Blacktown
2846,Newcastle
2847,Bowral
2848,Dubbo
2849,Newcastle
2850,Dubbo
2852,Dubbo
2864,Dubbo
2865,Dubbo
2866,Dubbo
2867,Dubbo
2868,Dubbo
2869,Dubbo
2870,Dubbo
2871,Dubbo
2873,Dubbo
2874,Dubbo
2875,Dubbo
2876,Dubbo
2877,Dubbo
2890,Burwood
2891,Burwood
2900,Bowral
2901,Bowral
2902,Bowral
2903,Bowral
2904,Bowral
2905,Bowral
2906,Bowral
2911,Bowral
2912,Bowral
2913,Bowral
2914,Bowral
3000,Coburg
3001,Coburg
3002,Coburg
3003,Coburg
3004,Coburg
3005,Coburg
3006,Coburg
3008,Coburg
3010,Coburg
3011,Coburg
3012,Coburg
3013,Coburg
3015,Coburg
3016,Coburg
3018,Coburg
3019,Coburg
3020,Keilor
3021,Keilor
3022,Keilor
3023,Keilor
3024,Keilor
3025,Keilor
3026,Keilor
3027,Keilor
3028,Keilor
3029,Keilor
3030,Keilor
3031,Coburg
3032,Coburg
3033,Keilor
3034,Keilor
3036,Keilor
3037,Keilor
3038,Keilor
3039,Coburg
3040,Coburg
3041,Coburg
3042,Keilor
3043,Keilor
3044,Coburg
3045,Keilor
3046,Coburg
3047,Coburg
3048,Coburg
3049,Keilor
3050,Coburg
3051,Coburg
3052,Coburg
3053,Coburg
3054,Coburg
3055,Coburg
3056,Coburg
3057,Coburg
3058,Coburg
3059,Keilor
3060,Coburg
3061,Coburg
3062,Coburg
3063,Keilor
3064,Coburg
3065,Coburg
3066,Coburg
3067,Coburg
3068,Coburg
3070,Coburg
3071,Coburg
3072,Coburg
3073,Coburg
3074,Coburg
3075,Coburg
3076,Coburg
3078,Coburg
3079,Coburg
3081,Coburg
3082,Coburg
3083,Coburg
3084,Box Hill
3085,Coburg
3086,Coburg
3087,Coburg
3088,Coburg
3089,Box Hill
3090,Coburg
3091,Coburg
3093,Box Hill
3094,Box Hill
3095,Box Hill
3096,Box Hill
3097,Box Hill
3099,Box Hill
3101,Box Hill
3102,Box Hill
3103,Box Hill
3104,Box Hill
3105,Box Hill
3106,Box Hill
3107,Box Hill
3108,Box Hill
3109,Box Hill
3110,Box Hill
3111,Box Hill
3113,Box Hill
3114,Box Hill
3115,Box Hill
3116,Box Hill
3121,Coburg
3122,Box Hill
3123,Box Hill
3124,Box Hill
3125,Box Hill
3126,Box Hill
3127,Box Hill
3128,Box Hill
3129,Box Hill
3130,Box Hill
3131,Box Hill
3132,Box Hill
3133,Glen Waverley
3134,Box Hill
3135,Glen Waverley
3136,Box Hill
3137,Glen Waverley
3138,Box Hill
3139,Berwick
3140,Box Hill
3141,Box Hill
3142,Box Hill
3143,Oakleigh
3144,Oakleigh
3145,Oakleigh
3146,Oakleigh
3147,Oakleigh
3148,Oakleigh
3149,Glen Waverley
3150,Glen Waverley
3151,Box Hill
3152,Glen Waverley
3153,Glen Waverley
3154,Glen Waverley
3155,Glen Waverley
3156,Glen Waverley
3158,Berwick
3159,Glen Waverley
3160,Berwick
3161,Oakleigh
3162,Oakleigh
3163,Oakleigh
3164,Glen Waverley
3165,Oakleigh
3166,Oakleigh
3167,Oakleigh
3168,Glen Waverley
3169,Mentone
3170,Glen Waverley
3171,Glen Waverley
3172,Mentone
3173,Mentone
3174,Glen Waverley
3175,Mentone
3176,Glen Waverley
3177,Berwick
3178,Glen Waverley
3179,Glen Waverley
3180,Glen Waverley
3181,Oakleigh
3182,Oakleigh
3183,Oakleigh
3184,Oakleigh
3185,Oakleigh
3186,Oakleigh
3187,Oakleigh
3188,Mentone
3189,Mentone
3190,Mentone
3191,Mentone
3192,Mentone
3193,Mentone
3194,Mentone
3195,Mentone
3196,Mentone
3197,Mentone
3198,Mornington
3199,Mornington
3200,Mornington
3201,Mentone
3202,Mentone
3204,Oakleigh
3205,Coburg
3206,Coburg
3207,Coburg
3211,Belmont
3212,Belmont
3213,Belmont
3214,Belmont
3215,Belmont
3216,Belmont
3217,Belmont
3218,Belmont
3219,Belmont
3220,Belmont
3221,Belmont
3222,Belmont
3223,Belmont
3224,Belmont
3225,Belmont
3226,Belmont
3227,Belmont
3228,Belmont
3230,Belmont
3231,Belmont
3232,Belmont
3233,Belmont
3234,Belmont
3235,Belmont
3236,Belmont
3237,Cowes
3238,Cowes
3239,Cowes
3240,Belmont
3241,Belmont
3242,Belmont
3243,Belmont
3249,Belmont
3250,Belmont
3251,Belmont
3254,Belmont
3260,Mount Gambier
3264,Mount Gambier
3265,Mount Gambier
3266,Mount Gambier
3267,Mount Gambier
3268,Mount Gambier
3269,Mount Gambier
3270,Mount Gambier
3271,Mount Gambier
3272,Mount Gambier
3273,Mount Gambier
3274,Mount Gambier
3275,Mount Gambier
3276,Mount Gambier
3277,Mount Gambier
3278,Mount Gambier
3279,Mount Gambier
3280,Mount Gambier
3281,Mount Gambier
3282,Mount Gambier
3283,Mount Gambier
3284,Mount Gambier
3285,Mount Gambier
3286,Mount Gambier
3287,Mount Gambier
3289,Mount Gambier
3292,Mount Gambier
3293,Mount Gambier
3294,Mount Gambier
3300,Mount Gambier
3301,Mount Gambier
3302,Mount Gambier
3303,Mount Gambier
3304,Mount Gambier
3305,Mount Gambier
3309,Mount Gambier
3310,Mount Gambier
3311,Mount Gambier
3312,Mount Gambier
3314,Mount Gambier
3315,Mount Gambier
3317,Mount Gambier
3318,Mount Gambier
3319,Mount Gambier
3321,Belmont
3322,Belmont
3323,Belmont
3324,Mount Gambier
3325,Mount Gambier
3328,Belmont
3329,Belmont
3330,Belmont
3331,Belmont
3332,Belmont
3333,Belmont
3334,Belmont
3335,Keilor
3337,Keilor
3338,Keilor
3340,Keilor
3341,Keilor
3342,Belmont
3345,Belmont
3350,Belmont
3351,Mount Gambier
3352,Belmont
3353,Belmont
3354,Belmont
3355,Belmont
3356,Belmont
3357,Belmont
3360,Belmont
3361,Mount Gambier
3363,Cowes
3364,Shepparton
3370,Shepparton
3371,Shepparton
3373,Mount Gambier
3374,Mount Gambier
3375,Mount Gambier
3377,Mount Gambier
3378,Mount Gambier
3379,Mount Gambier
3380,Mount Gambier
3381,Mount Gambier
3384,Mount Gambier
3385,Mount Gambier
3387,Mount Gambier
3388,Mount Gambier
3390,Mount Gambier
3391,Naracoorte
3392,Mount Gambier
3393,Mount Gambier
3395,Naracoorte
3396,Naracoorte
3400,Mount Gambier
3401,Mount Gambier
3402,Mount Gambier
3407,Mount Gambier
3409,Mount Gambier
3412,Mount Gambier
3413,Mount Gambier
3414,Mount Gambier
3415,Mount Gambier
3418,Mount Gambier
3419,Mount Gambier
3420,Mount Gambier
3423,Mount Gambier
3424,Naracoorte
3427,Keilor
3428,Keilor
3429,Keilor
3430,Keilor
3431,Keilor
3432,Keilor
3433,Keilor
3434,Keilor
3435,Keilor
3437,Keilor
3438,Keilor
3440,Keilor
3441,Keilor
3442,Keilor
3444,Keilor
3446,Keilor
3447,Keilor
3448,Keilor
3450,Keilor
3451,Keilor
3453,Shepparton
3458,Keilor
3460,Keilor
3461,Keilor
3462,Shepparton
3463,Shepparton
3464,Shepparton
3465,Shepparton
3467,Shepparton
3468,Shepparton
3469,Mount Gambier
3472,Shepparton
3475,Shepparton
3477,Shepparton
3478,Shepparton
3480,Naracoorte
3482,Naracoorte
3483,Naracoorte
3485,Naracoorte
3487,Naracoorte
3488,Naracoorte
3490,Naracoorte
3491,Naracoorte
3506,Naracoorte
3507,Naracoorte
3509,Naracoorte
3512,Murray Bridge
3515,Shepparton
3516,Shepparton
3517,Shepparton
3518,Shepparton
3520,Shepparton
3521,Keilor
3522,Keilor
3523,Shepparton
3525,Shepparton
3527,Shepparton
3529,Shepparton
3530,Shepparton
3531,Shepparton
3537,Shepparton
3540,Shepparton
3542,Shepparton
3544,Shepparton
3550,Shepparton
3551,Shepparton
3552,Shepparton
3554,Shepparton
3555,Shepparton
3556,Shepparton
3557,Shepparton
3558,Shepparton
3559,Shepparton
3561,Albury
3562,Shepparton
3563,Shepparton
3564,Albury
3565,Shepparton
3566,Shepparton
3567,Shepparton
3568,Shepparton
3570,Shepparton
3571,Shepparton
3572,Shepparton
3573,Shepparton
3575,Shepparton
3576,Shepparton
3579,Shepparton
3580,Shepparton
3581,Shepparton
3583,Shepparton
3584,Shepparton
3585,Shepparton
3586,Shepparton
3588,Shepparton
3589,Cobram
3590,Cobram
3591,Cobram
3594,Cobram
3595,Shepparton
3596,Cobram
3607,Albury
3608,Albury
3610,Albury
3612,Albury
3614,Albury
3616,Albury
3617,Albury
3618,Albury
3619,Albury
3620,Albury
3621,Albury
3622,Albury
3623,Albury
3624,Albury
3629,Albury
3630,Albury
3631,Albury
3632,Albury
3633,Albury
3634,Albury
3635,Albury
3636,Albury
3637,Albury
3638,Albury
3639,Albury
3640,Albury
3641,Albury
3643,Albury
3644,Albury
3646,Albury
3647,Albury
3649,Albury
3658,Keilor
3659,Coburg
3660,Coburg
3661,Keilor
3662,Keilor
3663,Albury
3664,Albury
3665,Albury
3666,Albury
3669,Albury
3670,Albury
3671,Albury
3672,Albury
3673,Albury
3675,Albury
3676,Albury
3677,Albury
3678,Albury
3682,Albury
3683,Albury
3685,Albury
3687,Albury
3688,Albury
3689,Albury
3690,Albury
3691,Albury
3694,Albury
3695,Albury
3697,Albury
3698,Albury
3699,Albury
3700,Albury
3701,Albury
3704,Albury
3705,Albury
3707,Albury
3708,Albury
3709,Albury
3711,Box Hill
3712,Box Hill
3713,Albury
3714,Box Hill
3715,Albury
3717,Box Hill
3718,Coburg
3719,Albury
3720,Albury
3722,Albury
3723,Albury
3724,Albury
3725,Albury
3726,Albury
3727,Albury
3728,Albury
3730,Albury
3732,Albury
3733,Albury
3735,Albury
3736,Albury
3737,Albury
3738,Albury
3739,Albury
3740,Albury
3741,Albury
3744,Albury
3746,Albury
3747,Albury
3749,Albury
3750,Coburg
3751,Coburg
3752,Coburg
3753,Keilor
3754,Coburg
3755,Coburg
3756,Keilor
3757,Box Hill
3758,Keilor
3759,Box Hill
3760,Box Hill
3761,Box Hill
3762,Keilor
3763,Box Hill
3764,Keilor
3765,Glen Waverley
3766,Glen Waverley
3767,Glen Waverley
3770,Box Hill
3775,Box Hill
3777,Box Hill
3778,Box Hill
3779,Berwick
3781,Berwick
3782,Berwick
3783,Berwick
3785,Glen Waverley
3786,Glen Waverley
3787,Glen Waverley
3788,Glen Waverley
3789,Berwick
3791,Glen Waverley
3792,Berwick
3793,Glen Waverley
3795,Glen Waverley
3796,Glen Waverley
3797,Berwick
3799,Berwick
3800,Glen Waverley
3802,Berwick
3803,Berwick
3804,Berwick
3805,Berwick
3806,Berwick
3807,Berwick
3808,Berwick
3809,Berwick
3810,Berwick
3812,Berwick
3813,Berwick
3814,Berwick
3815,Berwick
3816,Berwick
3818,Berwick
3820,Berwick
3821,Berwick
3822,Berwick
3823,Berwick
3824,Berwick
3825,Berwick
3831,Berwick
3832,Berwick
3833,Berwick
3835,Berwick
3840,Traralgon
3841,Traralgon
3842,Traralgon
3844,Traralgon
3847,Traralgon
3850,Albury
3851,Traralgon
3852,Albury
3853,Albury
3854,Traralgon
3856,Albury
3857,Albury
3858,Albury
3859,Albury
3860,Albury
3862,Albury
3864,Albury
3865,Albury
3869,Traralgon
3870,Traralgon
3871,Berwick
3873,Traralgon
3874,Traralgon
3875,Albury
3878,Albury
3880,Albury
3882,Albury
3885,Albury
3886,Albury
3887,Albury
3888,Albury
3889,Albury
3890,Albury
3893,Albury
3895,Albury
3896,Albury
3898,Albury
3900,Albury
3902,Albury
3903,Albury
3904,Albury
3909,Albury
3910,Mornington
3911,Mornington
3912,Mornington
3913,Mornington
3915,Mornington
3916,Mornington
3918,Mornington
3919,Mornington
3920,Mornington
3921,Berwick
3922,Cowes
3923,Berwick
3925,Berwick
3926,Mornington
3927,Mornington
3928,Mornington
3929,Mornington
3930,Mornington
3931,Mornington
3933,Mornington
3934,Mornington
3936,Mornington
3937,Mornington
3938,Mornington
3939,Mornington
3940,Mornington
3941,Mornington
3942,Mornington
3943,Mornington
3944,Mornington
3945,Berwick
3946,Berwick
3950,Berwick
3951,Berwick
3953,Berwick
3954,Berwick
3956,Inverloch
3957,Inverloch
3958,Inverloch
3959,Inverloch
3960,Inverloch
3962,Traralgon
3964,Inverloch
3965,Traralgon
3966,Traralgon
3967,Traralgon
3971,Traralgon
3975,Berwick
3976,Berwick
3977,Berwick
3978,Berwick
3979,Berwick
3980,Berwick
3981,Berwick
3984,Berwick
3987,Berwick
3988,Berwick
3990,Berwick
3991,Berwick
3992,Berwick
3995,Berwick
3996,Mornington
4000,Mitchelton
4001,Mitchelton
4002,Mitchelton
4003,Mitchelton
4004,Mitchelton
4005,Mitchelton
4006,Mitchelton
4007,Aspley
4008,Aspley
4009,Aspley
4010,Mitchelton
4011,Aspley
4012,Aspley
4013,Aspley
4014,Aspley
4017,Aspley
4018,Aspley
4019,Aspley
4020,Aspley
4021,Aspley
4022,Aspley
4025,Wynnum
4029,Mitchelton
4030,Mitchelton
4031,Mitchelton
4032,Mitchelton
4034,Aspley
4035,Mitchelton
4036,Aspley
4037,Mitchelton
4051,Mitchelton
4053,Mitchelton
4054,Mitchelton
4055,Mitchelton
4059,Mitchelton
4060,Mitchelton
4061,Mitchelton
4064,Mitchelton
4065,Mitchelton
4066,Mitchelton
4067,Mitchelton
4068,Mitchelton
4069,Mitchelton
4070,Ipswich
4072,Mitchelton
4073,Upper Mount Gravatt
4074,Upper Mount Gravatt
4075,Upper Mount Gravatt
4076,Upper Mount Gravatt
4077,Upper Mount Gravatt
4078,Upper Mount Gravatt
4101,Upper Mount Gravatt
4102,Upper Mount Gravatt
4103,Upper Mount Gravatt
4104,Upper Mount Gravatt
4105,Upper Mount Gravatt
4106,Upper Mount Gravatt
4107,Upper Mount Gravatt
4108,Upper Mount Gravatt
4109,Upper Mount Gravatt
4110,Upper Mount Gravatt
4111,Upper Mount Gravatt
4112,Upper Mount Gravatt
4113,Upper Mount Gravatt
4114,Upper Mount Gravatt
4115,Upper Mount Gravatt
4116,Upper Mount Gravatt
4117,Upper Mount Gravatt
4118,Upper Mount Gravatt
4119,Upper Mount Gravatt
4120,Upper Mount Gravatt
4121,Upper Mount Gravatt
4122,Upper Mount Gravatt
4123,Upper Mount Gravatt
4124,Ipswich
4125,Upper Mount Gravatt
4127,Capalba
4128,Capalba
4129,Capalba
4130,Capalba
4131,Capalba
4132,Upper Mount Gravatt
4133,Upper Mount Gravatt
4151,Upper Mount Gravatt
4152,Upper Mount Gravatt
4153,Upper Mount Gravatt
4154,Wynnum
4155,Capalba
4156,Capalba
4157,Capalba
4158,Wynnum
4159,Capalba
4160,Capalba
4161,Capalba
4163,Capalba
4164,Capalba
4165,Capalba
4169,Upper Mount Gravatt
4170,Upper Mount Gravatt
4171,Upper Mount Gravatt
4172,Wynnum
4173,Wynnum
4174,Wynnum
4178,Wynnum
4179,Wynnum
4183,Capalba
4184,Capalba
4205,Capalba
4207,Runaway Bay
4208,Runaway Bay
4209,Runaway Bay
4210,Robina
4211,Robina
4212,Runaway Bay
4213,Robina
4214,Robina
4215,Robina
4216,Runaway Bay
4217,Robina
4218,Robina
4219,Burleigh Waters
4220,Burleigh Waters
4221,Palm Beach
4222,Robina
4223,Palm Beach
4224,Palm Beach
4225,Palm Beach
4226,Robina
4227,Burleigh Waters
4228,Palm Beach
4229,Burleigh Waters
4230,Robina
4270,Robina
4271,Robina
4272,Robina
4275,Robina
4280,Ipswich
4285,Robina
4287,Ipswich
4300,Ipswich
4301,Ipswich
4303,Ipswich
4304,Ipswich
4305,Ipswich
4306,Caboolture
4307,Ipswich
4309,Ipswich
4310,Ipswich
4311,Ipswich
4312,Ipswich
4313,Caboolture
4340,Ipswich
4341,Ipswich
4342,Ipswich
4343,Toowoomba
4344,Toowoomba
4345,Ipswich
4346,Ipswich
4347,Toowoomba
4350,Toowoomba
4352,Toowoomba
4353,Toowoomba
4354,Toowoomba
4355,Toowoomba
4356,Toowoomba
4357,Toowoomba
4358,Toowoomba
4359,Toowoomba
4360,Toowoomba
4361,Toowoomba
4362,Toowoomba
4363,Toowoomba
4364,Toowoomba
4365,Toowoomba
4370,Toowoomba
4371,Ipswich
4372,Ipswich
4373,Ipswich
4374,Toowoomba
4375,Toowoomba
4376,Toowoomba
4377,Toowoomba
4378,Toowoomba
4380,Toowoomba
4381,Toowoomba
4382,Toowoomba
4383,Toowoomba
4384,Toowoomba
4385,Toowoomba
4387,Toowoomba
4388,Toowoomba
4390,Toowoomba
4400,Toowoomba
4401,Toowoomba
4402,Toowoomba
4403,Toowoomba
4404,Toowoomba
4405,Toowoomba
4406,Toowoomba
4407,Toowoomba
4408,Toowoomba
4410,Toowoomba
4411,Toowoomba
4412,Toowoomba
4413,Toowoomba
4415,Toowoomba
4416,Toowoomba
4418,Toowoomba
4421,Toowoomba
4422,Toowoomba
4423,Toowoomba
4424,Toowoomba
4425,Toowoomba
4494,Toowoomba
4498,Toowoomba
4500,Aspley
4501,Aspley
4502,Aspley
4503,Aspley
4504,Caboolture
4505,Caboolture
4506,Caboolture
4507,Bribie Island
4508,Caboolture
4509,Aspley
4510,Caboolture
4511,Bribie Island
4512,Caboolture
4514,Caboolture
4515,Caboolture
4516,Caboolture
4517,Caboolture
4518,Caboolture
4519,Maroochydore
4520,Mitchelton
4521,Caboolture
4550,Maroochydore
4551,Maroochydore
4552,Maroochydore
4553,Maroochydore
4554,Maroochydore
4555,Maroochydore
4556,Maroochydore
4557,Maroochydore
4558,Maroochydore
4559,Maroochydore
4560,Maroochydore
4561,Maroochydore
4562,Maroochydore
4563,Maroochydore
4564,Maroochydore
4565,Maroochydore
4566,Maroochydore
4567,Maroochydore
4568,Maroochydore
4569,Maroochydore
4570,Maroochydore
4571,Maroochydore
4572,Maroochydore
4573,Maroochydore
4574,Maroochydore
4575,Maroochydore
4580,Hervey Bay
4581,Hervey Bay
4600,Hervey Bay
4601,Hervey Bay
4605,Hervey Bay
4606,Maroochydore
4608,Maroochydore
4610,Toowoomba
4611,Hervey Bay
4612,Hervey Bay
4613,Hervey Bay
4614,Toowoomba
4615,Toowoomba
4620,Hervey Bay
4621,Hervey Bay
4625,Hervey Bay
4626,Hervey Bay
4627,Hervey Bay
4630,Hervey Bay
4650,Hervey Bay
4655,Hervey Bay
4659,Hervey Bay
4660,Hervey Bay
4662,Hervey Bay
4670,Hervey Bay
4671,Hervey Bay
4673,Hervey Bay
4674,Hervey Bay
4676,Hervey Bay
4677,Hervey Bay
4678,Hervey Bay
4680,Hervey Bay
4694,Bundaberg
4695,Bundaberg
4697,Bundaberg
4699,Bundaberg
4700,Bundaberg
4710,Bundaberg
4714,Bundaberg
4715,Bundaberg
4716,Bundaberg
4719,Bundaberg
4800,Townsville
4801,Townsville
4804,Townsville
4805,Townsville
4806,Townsville
4807,Townsville
4808,Townsville
4809,Townsville
4810,Townsville
4811,Townsville
4812,Townsville
4813,Townsville
4814,Townsville
4815,Townsville
4817,Townsville
4818,Townsville
4819,Townsville
4820,Townsville
4849,Townsville
4850,Townsville
4852,Cairns
4854,Cairns
4855,Cairns
4856,Cairns
4857,Robina
4858,Cairns
4859,Cairns
4860,Cairns
4861,Cairns
4865,Cairns
4868,Cairns
4869,Cairns
4870,Cairns
4871,Townsville
4872,Cairns
4873,Cairns
4877,Cairns
4878,Cairns
4879,Cairns
4880,Cairns
4881,Cairns
4882,Cairns
4883,Cairns
4884,Cairns
4885,Cairns
4886,Cairns
4887,Cairns
4888,Cairns
4895,Cairns
5000,Adelaide
5001,Adelaide
5005,Adelaide
5006,Adelaide
5007,Adelaide
5008,Adelaide
5009,West Lakes
5010,West Lakes
5011,West Lakes
5012,West Lakes
5013,West Lakes
5014,West Lakes
5015,West Lakes
5016,West Lakes
5017,West Lakes
5018,West Lakes
5019,West Lakes
5020,West Lakes
5021,West Lakes
5022,West Lakes
5023,West Lakes
5024,West Lakes
5025,West Lakes
5031,Adelaide
5032,Adelaide
5033,Adelaide
5034,Parkside
5035,Adelaide
5037,Adelaide
5038,Marion
5039,Marion
5040,Marion
5041,Marion
5042,Marion
5043,Marion
5044,Marion
5045,Marion
5046,Marion
5047,Marion
5048,Marion
5049,Marion
5050,Marion
5051,Marion
5052,Stirling
5061,Parkside
5062,Parkside
5063,Parkside
5064,Parkside
5065,Parkside
5066,Parkside
5067,Parkside
5068,Adelaide
5069,Adelaide
5070,Adelaide
5071,Adelaide
5072,Parkside
5073,Adelaide
5074,Modbury
5075,Modbury
5076,Modbury
5081,Adelaide
5082,Adelaide
5083,Adelaide
5084,Adelaide
5085,Modbury
5086,Modbury
5087,Modbury
5088,Modbury
5089,Modbury
5090,Modbury
5091,Modbury
5092,Modbury
5093,Modbury
5094,Modbury
5095,Modbury
5096,Modbury
5097,Modbury
5098,Modbury
5106,Modbury
5107,Modbury
5108,Modbury
5109,Golden Grove
5110,Modbury
5111,Golden Grove
5112,Golden Grove
5113,Golden Grove
5114,Golden Grove
5115,Gawler
5116,Gawler
5117,Gawler
5118,Gawler
5120,Gawler
5121,Gawler
5125,Golden Grove
5126,Golden Grove
5127,Modbury
5131,Golden Grove
5132,Modbury
5133,Golden Grove
5134,Modbury
5136,Stirling
5137,Stirling
5138,Stirling
5139,Stirling
5140,Stirling
5141,Stirling
5142,Stirling
5144,Stirling
5150,Stirling
5151,Stirling
5152,Stirling
5153,Stirling
5154,Stirling
5155,Stirling
5156,Stirling
5157,Christies Beach
5158,Marion
5159,Marion
5160,Christies Beach
5161,Christies Beach
5162,Christies Beach
5163,Christies Beach
5164,Christies Beach
5165,Christies Beach
5166,Christies Beach
5167,Christies Beach
5168,Christies Beach
5169,Christies Beach
5170,Christies Beach
5171,Christies Beach
5172,Christies Beach
5173,Christies Beach
5174,Victor Harbor
5201,Stirling
5202,Victor Harbor
5203,Victor Harbor
5204,Victor Harbor
5210,Victor Harbor
5211,Victor Harbor
5212,Victor Harbor
5213,Victor Harbor
5214,Victor Harbor
5220,Victor Harbor
5221,Victor Harbor
5222,Victor Harbor
5223,Victor Harbor
5231,Golden Grove
5232,Golden Grove
5233,Golden Grove
5234,Golden Grove
5235,Golden Grove
5236,Golden Grove
5237,Golden Grove
5238,Golden Grove
5240,Stirling
5241,Stirling
5242,Stirling
5243,Stirling
5244,Stirling
5245,Stirling
5246,Stirling
5250,Stirling
5251,Stirling
5252,Stirling
5253,Stirling
5254,Stirling
5255,Stirling
5256,Victor Harbor
5259,Stirling
5260,Stirling
5261,Victor Harbor
5262,Mount Gambier
5263,Mount Gambier
5264,Victor Harbor
5265,Victor Harbor
5266,Victor Harbor
5267,Mount Gambier
5268,Mount Gambier
5269,Mount Gambier
5270,Mount Gambier
5271,Mount Gambier
5272,Mount Gambier
5273,Mount Gambier
5275,Mount Gambier
5276,Mount Gambier
5277,Mount Gambier
5278,Mount Gambier
5279,Mount Gambier
5280,Mount Gambier
5290,Mount Gambier
5291,Mount Gambier
5301,Victor Harbor
5302,Victor Harbor
5303,Victor Harbor
5304,Victor Harbor
5306,Victor Harbor
5307,Victor Harbor
5308,Victor Harbor
5309,Victor Harbor
5310,Victor Harbor
5311,Victor Harbor
5320,Victor Harbor
5321,Victor Harbor
5322,Victor Harbor
5330,Victor Harbor
5331,Victor Harbor
5332,Victor Harbor
5333,Victor Harbor
5340,Murray Bridge
5341,Murray Bridge
5342,Victor Harbor
5343,Victor Harbor
5344,Victor Harbor
5345,Victor Harbor
5346,Victor Harbor
5350,Gawler
5351,Gawler
5352,Gawler
5353,Gawler
5354,Gawler
5355,Gawler
5356,Gawler
5357,Victor Harbor
5360,Gawler
5371,Gawler
5372,Gawler
5373,Gawler
5374,Gawler
5381,Gawler
5400,Gawler
5401,Gawler
5410,Gawler
5411,Gawler
5412,Gawler
5413,Gawler
5414,Gawler
5415,Gawler
5416,Gawler
5417,Victor Harbor
5418,Victor Harbor
5419,Port Pirie
5420,Port Pirie
5421,Port Pirie
5422,Port Pirie
5431,Port Pirie
5432,Port Pirie
5433,Whyalla Norrie
5434,Port Pirie
5440,Port Pirie
5451,Gawler
5452,Gawler
5453,Gawler
5454,Victor Harbor
5455,Victor Harbor
5460,Gawler
5461,Gawler
5462,Gawler
5464,Victor Harbor
5470,Victor Harbor
5471,Victor Harbor
5472,Port Pirie
5473,Port Pirie
5480,Port Pirie
5481,Port Pirie
5482,Port Pirie
5483,Port Pirie
5485,Port Pirie
5490,Port Pirie
5491,Port Pirie
5493,Port Pirie
5495,Port Pirie
5501,Gawler
5502,Gawler
5510,Victor Harbor
5520,Victor Harbor
5521,Victor Harbor
5522,Victor Harbor
5523,Port Pirie
5540,Port Pirie
5550,Gawler
5552,Victor Harbor
5554,Victor Harbor
5555,Victor Harbor
5556,Port Pirie
5558,Victor Harbor
5560,Victor Harbor
5570,Victor Harbor
5571,Victor Harbor
5572,Victor Harbor
5573,Kingscote
5575,Kingscote
5576,Kingscote
5577,Kingscote
5580,Kingscote
5581,Kingscote
5582,Kingscote
5583,Kingscote
5600,Whyalla Norrie
5601,Whyalla Norrie
5602,Port Lincoln
5603,Port Lincoln
5604,Port Lincoln
5605,Port Lincoln
5606,Port Lincoln
5607,Port Lincoln
5608,Whyalla Norrie
5609,Whyalla Norrie
5630,Port Lincoln
5631,Port Lincoln
5632,Port Lincoln
5633,Port Lincoln
5640,Port Lincoln
5641,Port Lincoln
5642,Port Lincoln
5650,Port Lincoln
5651,Port Lincoln
5652,Port Lincoln
5653,Port Lincoln
5654,Port Lincoln
5655,Port Lincoln
5670,Port Lincoln
5671,Port Lincoln
5700,Whyalla Norrie
5710,Whyalla Norrie
5720,Whyalla Norrie
5800,Adelaide
5810,Adelaide
5839,Adelaide
5860,Adelaide
5861,Adelaide
5862,Adelaide
5863,Adelaide
5864,Adelaide
5865,Adelaide
5866,Adelaide
5867,Adelaide
5868,Adelaide
5869,Adelaide
5870,Adelaide
5871,Adelaide
5872,Adelaide
5873,Adelaide
5874,Adelaide
5875,Adelaide
5876,Adelaide
5877,Adelaide
5878,Adelaide
5879,Adelaide
5880,Adelaide
5881,Adelaide
5882,Adelaide
5883,Adelaide
5884,Adelaide
5885,Adelaide
5886,Adelaide
5887,Adelaide
5888,Adelaide
5889,Adelaide
5890,Adelaide
5891,Adelaide
5892,Adelaide
5893,Adelaide
5894,Adelaide
5895,Adelaide
5896,Adelaide
5897,Adelaide
5898,Adelaide
5899,Adelaide
5900,Adelaide
5901,Adelaide
5902,Adelaide
5903,Adelaide
5904,Adelaide
5920,Adelaide
5942,Adelaide
5950,Adelaide
5960,West Lakes
6000,East Victoria Park
6001,East Victoria Park
6003,Floreat
6004,East Victoria Park
6005,Floreat
6006,Floreat
6007,Floreat
6008,Floreat
6009,Floreat
6010,Floreat
6011,Floreat
6012,Fremantle
6014,Floreat
6015,Floreat
6016,Floreat
6017,Floreat
6018,Floreat
6019,Floreat
6020,Floreat
6021,Floreat
6022,Floreat
6023,Floreat
6024,Floreat
6025,Floreat
6026,Floreat
6027,Floreat
6028,Floreat
6029,Floreat
6030,Floreat
6031,Floreat
6032,Floreat
6033,Floreat
6034,Floreat
6035,Floreat
6036,Floreat
6037,Floreat
6038,Floreat
6041,Floreat
6042,Floreat
6043,Hillarys
6050,Floreat
6051,East Victoria Park
6052,Floreat
6053,East Victoria Park
6054,East Victoria Park
6055,East Victoria Park
6056,East Victoria Park
6057,East Victoria Park
6058,East Victoria Park
6059,Floreat
6060,Floreat
6061,Floreat
6062,East Victoria Park
6063,East Victoria Park
6064,Floreat
6065,Floreat
6066,Floreat
6067,Floreat
6068,Floreat
6069,East Victoria Park
6070,East Victoria Park
6071,East Victoria Park
6072,East Victoria Park
6073,East Victoria Park
6074,Parkwood
6076,Parkwood
6077,Floreat
6078,Floreat
6079,Floreat
6081,East Victoria Park
6082,East Victoria Park
6083,East Victoria Park
6084,East Victoria Park
6090,Floreat
6100,East Victoria Park
6101,East Victoria Park
6102,East Victoria Park
6103,East Victoria Park
6104,East Victoria Park
6105,East Victoria Park
6106,East Victoria Park
6107,Parkwood
6108,Parkwood
6109,Parkwood
6110,Parkwood
6111,Parkwood
6112,Parkwood
6121,Parkwood
6122,Parkwood
6123,Parkwood
6124,Parkwood
6125,Parkwood
6126,Parkwood
6147,Parkwood
6148,Parkwood
6149,Parkwood
6150,Fremantle
6151,East Victoria Park
6152,East Victoria Park
6153,Fremantle
6154,Fremantle
6155,Parkwood
6156,Fremantle
6157,Fremantle
6158,Fremantle
6159,Fremantle
6160,Fremantle
6161,Fremantle
6162,Fremantle
6163,Fremantle
6164,Fremantle
6165,Fremantle
6166,Fremantle
6167,Fremantle
6168,Fremantle
6169,Fremantle
6170,Fremantle
6171,Fremantle
6172,Fremantle
6173,Fremantle
6174,Fremantle
6175,Fremantle
6176,Fremantle
6180,Fremantle
6181,Fremantle
6182,Fremantle
6207,Parkwood
6208,Fremantle
6209,Fremantle
6210,Fremantle
6211,Fremantle
6213,Parkwood
6214,Fremantle
6215,Rockingham
6218,Rockingham
6220,Rockingham
6302,Parkwood
6390,Parkwood
6501,Floreat
6502,East Victoria Park
6503,Floreat
6504,Floreat
6505,Hillarys
6511,Geraldton
6514,Geraldton
6515,Geraldton
6516,Geraldton
6517,Geraldton
6518,Geraldton
6519,Geraldton
6521,Geraldton
6522,Geraldton
6525,Geraldton
6528,Geraldton
6530,Geraldton
6531,Geraldton
6532,Geraldton
6535,Geraldton
6536,Geraldton
6556,East Victoria Park
6558,East Victoria Park
6560,East Victoria Park
6562,East Victoria Park
6564,East Victoria Park
6566,Dianella
6567,East Victoria Park
6623,Geraldton
6625,Geraldton
6627,Geraldton
6628,Geraldton
6630,Geraldton
6631,Geraldton
6632,Geraldton
6800,East Victoria Park
6803,Floreat
6809,Floreat
6817,Floreat
6820,Floreat
6827,East Victoria Park
6830,East Victoria Park
6831,Floreat
6832,Floreat
6837,Floreat
6838,East Victoria Park
6839,Floreat
6840,East Victoria Park
6841,East Victoria Park
6842,East Victoria Park
6843,East Victoria Park
6844,Floreat
6845,East Victoria Park
6846,East Victoria Park
6847,Floreat
6848,Floreat
6849,East Victoria Park
6850,East Victoria Park
6865,Floreat
6872,Floreat
6892,East Victoria Park
6900,Floreat
6901,Floreat
6902,Floreat
6903,Floreat
6904,Floreat
6905,Floreat
6906,Floreat
6907,Floreat
6909,Floreat
6910,Floreat
6911,Floreat
6912,Fremantle
6913,Floreat
6914,Floreat
6915,Floreat
6916,Floreat
6917,Floreat
6918,Floreat
6919,Floreat
6920,Floreat
6921,Floreat
6922,Floreat
6923,Floreat
6924,Floreat
6925,Parkwood
6926,East Victoria Park
6929,East Victoria Park
6931,East Victoria Park
6932,Floreat
6933,East Victoria Park
6934,East Victoria Park
6935,East Victoria Park
6936,East Victoria Park
6937,Floreat
6938,Floreat
6939,Floreat
6940,Floreat
6941,Floreat
6942,East Victoria Park
6943,East Victoria Park
6944,Floreat
6945,Floreat
6946,Floreat
6947,Floreat
6951,East Victoria Park
6952,East Victoria Park
6953,East Victoria Park
6954,Fremantle
6955,Parkwood
6956,Fremantle
6957,Fremantle
6958,Floreat
6959,Fremantle
6960,Fremantle
6961,Fremantle
6963,Fremantle
6964,Parkwood
6965,Fremantle
6966,Fremantle
6967,Fremantle
6968,Fremantle
6969,Fremantle
6970,Parkwood
6979,East Victoria Park
6980,Parkwood
6981,East Victoria Park
6982,East Victoria Park
6983,East Victoria Park
6984,East Victoria Park
6985,East Victoria Park
6986,East Victoria Park
6987,Parkwood
6988,Parkwood
6989,Parkwood
6990,Parkwood
6991,Parkwood
6992,Parkwood
6997,Parkwood
8001,Coburg
8002,Coburg
8003,Coburg
8004,Coburg
8005,Coburg
8006,Coburg
8007,Coburg
8008,Coburg
8009,Coburg
8010,Coburg
8011,Coburg
8012,Coburg
8045,Coburg
8051,Coburg
8060,Coburg
8061,Coburg
8066,Coburg
8069,Coburg
8070,Coburg
8071,Coburg
8102,Coburg
8103,Coburg
8107,Coburg
8108,Coburg
8111,Coburg
8120,Coburg
8205,Coburg
8383,Coburg
8386,Coburg
8388,Coburg
8390,Coburg
8393,Coburg
8394,Coburg
8396,Coburg
8399,Coburg
8627,Box Hill
9000,Mitchelton
9001,Mitchelton
9002,Mitchelton
9005,Mitchelton
9007,Mitchelton
9008,Mitchelton
9009,Mitchelton
9010,Mitchelton
9013,Mitchelton
9015,Mitchelton
9016,Mitchelton
9017,Mitchelton
9018,Mitchelton
9019,Mitchelton
9020,Mitchelton
9021,Mitchelton
9022,Mitchelton
9023,Mitchelton
9464,Aspley
9726,Robina
9728,Robina
9729,Robina
9944,Townsville
